UserID,FullName,Age,Email,RegistrationDate,LastLoginDate,PurchaseTotal
"","Null User","25","","12/1/2020 12:00:00 AM","2/25/2023 12:00:00 AM","100"
"111","Alice Johnson","","alicejohnson@example.com","7/15/2022 12:00:00 AM","",""
"112","Bob Marley","27","bobmarley@example.com","5/20/2021 12:00:00 AM","2/28/2023 12:00:00 AM",""
"115","Eva Green","","evagreen@example.com","8/22/2018 12:00:00 AM","2/23/2023 12:00:00 AM",""
"121","Kevin Yolt","","kevinyolt@example.com","3/14/2021 12:00:00 AM","2/17/2023 12:00:00 AM",""
"130","Tina Molt","","tinamolt@example.com","2/28/2022 12:00:00 AM","2/8/2023 12:00:00 AM",""
